{
  "tags": {
    "allowUnknownTags": true,
    "dictionaries": ["jsdoc"]
  },
  "source": {
    "include": ["src", "README.md"],
    "includePattern": ".+\\.js(doc|x)?$",
    "excludePattern": "(node_modules/|docs)"
  },
  "plugins": [
    "plugins/markdown"
  ],
  "recurseDepth": 10,
  "templates": {
    "cleverLinks": false,
    "monospaceLinks": true,
    "useLongnameInNav": false,
    "showInheritedInNav": true
  },
  "opts": {
    "destination": "./docs/",
    "encoding": "utf8",
    "private": true,
    "recurse": true,
    "template": "./node_modules/minami"
  }
}